channel_id,name,slug,department,editor_id,question,function,periodicity,status,is_daily
bom-dia-distopia,"Bom Dia, Distopia",bom-dia-distopia,"Mesa Central — Bom Dia, Distopia",redacao011-cora,"O que aconteceu, o que realmente importa hoje e qual contradição a cidade está tentando normalizar antes do café?",Selecionar e explicar os acontecimentos mais relevantes das últimas 24 horas e estabelecer a primeira hierarquia editorial do dia.,"Diária, com fechamento matinal no fuso America/Sao_Paulo.",ativo,true
depois-da-poeira,Depois da Poeira,depois-da-poeira,Departamento de Memória — Depois da Poeira,redacao011-recibo,O que aconteceu depois que a notícia perdeu destaque?,"Acompanhar desfechos, atrasos, recuos, contradições, promessas e consequências de histórias já noticiadas.","Semanal, preferencialmente na sexta-feira ou no sábado.",ativo,false
sinais-fracos,Sinais Fracos,sinais-fracos,Departamento de Antecipação — Sinais Fracos,redacao011-limiar,O que está começando a mudar antes de virar manchete?,"Identificar sinais, riscos, datas e tendências ainda discretas com evidência observável e possibilidade futura de verificação.","Semanal, preferencialmente no domingo à noite ou na segunda-feira de manhã.",ativo,false
autopsia-da-semana,Autópsia da Semana,autopsia-da-semana,Departamento de Investigações — Autópsia da Semana,redacao011-corte,"O que realmente aconteceu, como chegamos aqui e quais estruturas sustentam o problema?","Analisar um acontecimento, documento, problema ou tendência em profundidade, com contexto, evidência e mapeamento de interesses.",Semanal ou quinzenal.,ativo,false
manual-de-sobrevivencia-digital,Manual de Sobrevivência Digital,manual-de-sobrevivencia-digital,Departamento de Autonomia — Manual de Sobrevivência Digital,redacao011-modo,"O que mudou e o que o leitor pode fazer de maneira proporcional, segura e prática?","Transformar acontecimentos de tecnologia, segurança, privacidade e plataformas em ações verificáveis.","Semanal, com edições extraordinárias quando houver risco urgente.",ativo,false
sao-paulo-sob-o-capo,São Paulo Sob o Capô,sao-paulo-sob-o-capo,Departamento da Megacidade — São Paulo Sob o Capô,redacao011-trilho,"Como a cidade e o estado realmente funcionam, quem opera e quem responde quando falham?","Acompanhar infraestrutura, serviços, concessões, contratos, operação pública e falhas recorrentes em São Paulo.",Semanal.,ativo,false
poder-de-plataforma,Poder de Plataforma,poder-de-plataforma,Departamento de Governança Digital — Poder de Plataforma,redacao011-lock,"Que poder privado está sendo exercido, que dependência foi criada e quais alternativas permanecem reais?","Acompanhar plataformas privadas que operam como infraestrutura de comunicação, trabalho, cultura e distribuição.",Semanal ou quinzenal.,ativo,false
cultura-digital-sem-marketing,Cultura Digital sem Marketing,cultura-digital-sem-marketing,Departamento de Cultura Digital sem Marketing,redacao011-yumi,"O que existe além do anúncio, do lançamento e da nota?","Analisar jogos, software, comunidades, protocolos e obras digitais sem reproduzir automaticamente o ciclo promocional.",Semanal ou quinzenal.,ativo,false
xadrez-em-profundidade,Xadrez em Profundidade,xadrez-em-profundidade,Departamento de Xadrez em Profundidade,redacao011-clara,"Por que a partida, posição, tendência ou decisão importou além do resultado?","Acompanhar xadrez profissional por partidas, preparação, tendências competitivas, tecnologia e contexto histórico.",Semanal em calendário competitivo relevante; quinzenal em períodos menos movimentados.,ativo,false
